{
  "symbiote.transformation": {
    "sounds": [
       "symbiote_transformation"
    ],
    "category": "player"
  },
  "symbiote.mask": {
    "sounds": [
       "symbiote_mask"
    ],
    "category": "player"
  },
  "symbiote.blade.enable": {
    "sounds": [
       "symbiote_blade_enable"
    ],
    "category": "player"
  },
  "fire.start": {
    "sounds": [
       "fire_start"
    ],
    "category": "player"
  },
  "fire.loop": {
    "sounds": [
       "fire_loop"
    ],
    "category": "player"
  },
  "cold.breath": {
    "sounds": [
       "breath"
    ],
    "category": "player"
  },
  "billyclub.fire": {
    "sounds": [
       "fireclub"
    ],
    "category": "player"
  },
  "lantern.blast": {
    "sounds": [
      "energy_blast"
    ],
    "category": "player"
  },
  "saw.loop": {
    "sounds": [
      "chainsaw_loop"
    ],
    "category": "player"
  },
  "saw.start": {
    "sounds": [
      "chainsaw_start"
    ],
    "category": "player"
  },
  "saw.rev": {
    "sounds": [
      "chainsaw_rev"
    ],
    "category": "player"
  },
  "rock.out": {
    "category": "player",
    "sounds": [{
        "name": "rock_out_1",
        "weight": 1
      },
      {
        "name": "rock_out_2",
        "weight": 1
      },
      {
        "name": "rock_out_3",
        "weight": 1
      },
      {
        "name": "rock_out_4",
        "weight": 1
      },
      {
        "name": "rock_out_5",
        "weight": 1
      },
      {
        "name": "rock_out_6",
        "weight": 1
      }
    ]
  },
  "landing": {
    "sounds": [
      "landing_1"
    ],
    "category": "player"
  },
  "fire.landing": {
    "sounds": [
      "fire_landing_1"
    ],
    "category": "player"
  },
  "sonic.boom": {
    "sounds": [
      "sonic_boom"
    ],
    "category": "player"
  },
  "comical.punch": {
    "category": "player",
    "sounds": [{
        "name": "punch1",
        "weight": 1
      },
      {
        "name": "punch2",
        "weight": 1
      },
      {
        "name": "hammer_punch",
        "weight": 1
      }
    ]
  },
  "take.hammer": {
    "sounds": [
      "take_hammer"
    ],
    "category": "player"
  },
  "thor.hammer": {
    "sounds": [
      "thor_flight"
    ],
    "category": "player"
  },
  "gun": {
    "sounds": [
       "gun"
    ],
    "category": "player"
  },
  "beelte.enable": {
    "sounds": [
       "beetle_suit_enable"
    ],
    "category": "player"
  },
  "beelte.disable": {
    "sounds": [
       "beetle_suit_disable"
    ],
    "category": "player"
  },
  "beelte.wings": {
    "sounds": [
       "beetle_wings"
    ],
    "category": "player"
  },
  "groot.claws": {
    "sounds": [
       "groot_wings"
    ],
    "category": "player"
  },
  "groot.wings": {
    "sounds": [
       "groot_wings"
    ],
    "category": "player"
  },
  "moth.start": {
    "sounds": [
       "moth_flight_start"
    ],
    "category": "player"
  },
  "moth.enable": {
    "sounds": [
       "moth_flight_enable"
    ],
    "category": "player"
  }
}