{
  "symbiote.transformation": {
    "sounds": [
       "symbiote_transformation"
    ],
    "category": "player"
  },
  "symbiote.mask": {
    "sounds": [
       "symbiote_mask"
    ],
    "category": "player"
  },
  "symbiote.blade.enable": {
    "sounds": [
       "symbiote_blade_enable"
    ],
    "category": "player"
  },
  "fire.start": {
    "sounds": [
       "fire_start"
    ],
    "category": "player"
  },
  "fire.loop": {
    "sounds": [
       "fire_loop"
    ],
    "category": "player"
  },
  "cold.breath": {
    "sounds": [
       "breath"
    ],
    "category": "player"
  },
  "billyclub.fire": {
    "sounds": [
       "fireclub"
    ],
    "category": "player"
  },
  "lantern.blast": {
    "sounds": [
      "energy_blast"
    ],
    "category": "player"
  },
  "saw.loop": {
    "sounds": [
      "chainsaw_loop"
    ],
    "category": "player"
  },
  "saw.start": {
    "sounds": [
      "chainsaw_start"
    ],
    "category": "player"
  },
  "rock.out": {
    "sounds": [
      "rock_out"
    ],
    "category": "player"
  },
  "landing": {
    "sounds": [
      "landing_1"
    ],
    "category": "player"
  },
  "fire.landing": {
    "sounds": [
      "fire_landing_1"
    ],
    "category": "player"
  },
  "sonic.boom": {
    "sounds": [
      "sonic_boom"
    ],
    "category": "player"
  },
  "comical.punch": {
    "category": "player",
    "sounds": [{
        "name": "punch1",
        "weight": 1
      },
      {
        "name": "punch2",
        "weight": 1
      },
      {
        "name": "hammer_punch",
        "weight": 1
      }
    ]
  },
  "take.hammer": {
    "sounds": [
      "take_hammer"
    ],
    "category": "player"
  },
  "thor.hammer": {
    "sounds": [
      "thor_flight"
    ],
    "category": "player"
  }
}