{
  "symbiote.transformation": {
    "sounds": [
       "symbiote_transformation"
    ],
    "category": "player"
  },
  "symbiote.mask": {
    "sounds": [
       "symbiote_mask"
    ],
    "category": "player"
  },
  "symbiote.blade.enable": {
    "sounds": [
       "symbiote_blade_enable"
    ],
    "category": "player"
  },
  "fire.start": {
    "sounds": [
       "fire_start"
    ],
    "category": "player"
  },
  "fire.loop": {
    "sounds": [
       "fire_loop"
    ],
    "category": "player"
  },
  "cold.breath": {
    "sounds": [
       "breath"
    ],
    "category": "player"
  },
  "billyclub.fire": {
    "sounds": [
       "fireclub"
    ],
    "category": "player"
  }
}